Workbook
Name Slicer_category: #N/A
Name Slicer_city: #N/A

Sheet Customers
A1: customer_id | B1: customer_name | C1: city | D1: gender
A2: 1 | B2: Kumar1 | C2: Coimbatore | D2: M
A3: 2 | B3: Ravi2 | C3: Mumbai | D3: F
A4: 3 | B4: Vikram3 | C4: Coimbatore | D4: M
A5: 4 | B5: Karthik4 | C5: Coimbatore | D5: M
A6: 5 | B6: Meena5 | C6: Salem | D6: F
A7: 6 | B7: Vikram6 | C7: Trichy | D7: M
A8: 7 | B8: Priya7 | C8: Trichy | D8: M
A9: 8 | B9: Ravi8 | C9: Coimbatore | D9: F
A10: 9 | B10: Vikram9 | C10: Salem | D10: F
A11: 10 | B11: Vikram10 | C11: Chennai | D11: F
A12: 11 | B12: Priya11 | C12: Salem | D12: F
A13: 12 | B13: Priya12 | C13: Trichy | D13: M
... A2001: 2000 | B2001: Anitha2000 | C2001: Chennai | D2001: F

Sheet Orders
A1: order_id | B1: customer_id | C1: order_date | D1: total_amount | E1: order month
A2: 1 | B2: 539 | C2: 2026-05-03 | D2: 62855 | E2: =TEXT(Table3[[#This Row],[order_date]],"mmm-yyy") -> May-2026
A3: 2 | B3: 86 | C3: 2025-08-17 | D3: 37042 | E3: =TEXT(Table3[[#This Row],[order_date]],"mmm-yyy") -> Aug-2025
A4: 3 | B4: 514 | C4: 2025-06-22 | D4: 22937 | E4: =TEXT(Table3[[#This Row],[order_date]],"mmm-yyy") -> Jun-2025
A5: 4 | B5: 715 | C5: 2026-03-24 | D5: 84734 | E5: =TEXT(Table3[[#This Row],[order_date]],"mmm-yyy") -> Mar-2026
A6: 5 | B6: 1677 | C6: 2026-05-12 | D6: 23150 | E6: =TEXT(Table3[[#This Row],[order_date]],"mmm-yyy") -> May-2026
A7: 6 | B7: 1184 | C7: 2026-04-08 | D7: 47549 | E7: =TEXT(Table3[[#This Row],[order_date]],"mmm-yyy") -> Apr-2026
A8: 7 | B8: 1815 | C8: 2025-07-09 | D8: 84053 | E8: =TEXT(Table3[[#This Row],[order_date]],"mmm-yyy") -> Jul-2025
A9: 8 | B9: 770 | C9: 2025-09-01 | D9: 42578 | E9: =TEXT(Table3[[#This Row],[order_date]],"mmm-yyy") -> Sep-2025
A10: 9 | B10: 1991 | C10: 2025-04-06 | D10: 13920 | E10: =TEXT(Table3[[#This Row],[order_date]],"mmm-yyy") -> Apr-2025
A11: 10 | B11: 1475 | C11: 2025-07-28 | D11: 91883 | E11: =TEXT(Table3[[#This Row],[order_date]],"mmm-yyy") -> Jul-2025
A12: 11 | B12: 1605 | C12: 2025-01-17 | D12: 54794 | E12: =TEXT(Table3[[#This Row],[order_date]],"mmm-yyy") -> Jan-2025
A13: 12 | B13: 979 | C13: 2025-10-03 | D13: 36740 | E13: =TEXT(Table3[[#This Row],[order_date]],"mmm-yyy") -> Oct-2025
... A5001: 5000 | B5001: 1483 | C5001: 2025-03-04 | D5001: 58821 | E5001: =TEXT(Table3[[#This Row],[order_date]],"mmm-yyy") -> Mar-2025

Sheet Order_Details
A1: order_id | B1: product_id | C1: quantity | D1: revenue
A2: 1639 | B2: 74 | C2: 2 | D2: =Table4[[#This Row],[quantity]]*_xlfn.XLOOKUP(Table4[[#This Row],[product_id]],Products!A:A,Products!D:D) -> 1600
A3: 3216 | B3: 15 | C3: 5 | D3: =Table4[[#This Row],[quantity]]*_xlfn.XLOOKUP(Table4[[#This Row],[product_id]],Products!A:A,Products!D:D) -> 1000
A4: 4282 | B4: 35 | C4: 3 | D4: =Table4[[#This Row],[quantity]]*_xlfn.XLOOKUP(Table4[[#This Row],[product_id]],Products!A:A,Products!D:D) -> 60000
A5: 3288 | B5: 60 | C5: 4 | D5: =Table4[[#This Row],[quantity]]*_xlfn.XLOOKUP(Table4[[#This Row],[product_id]],Products!A:A,Products!D:D) -> 10000
A6: 1770 | B6: 53 | C6: 1 | D6: =Table4[[#This Row],[quantity]]*_xlfn.XLOOKUP(Table4[[#This Row],[product_id]],Products!A:A,Products!D:D) -> 50000
A7: 2271 | B7: 34 | C7: 1 | D7: =Table4[[#This Row],[quantity]]*_xlfn.XLOOKUP(Table4[[#This Row],[product_id]],Products!A:A,Products!D:D) -> 200
A8: 1474 | B8: 41 | C8: 3 | D8: =Table4[[#This Row],[quantity]]*_xlfn.XLOOKUP(Table4[[#This Row],[product_id]],Products!A:A,Products!D:D) -> 2400
A9: 1552 | B9: 39 | C9: 4 | D9: =Table4[[#This Row],[quantity]]*_xlfn.XLOOKUP(Table4[[#This Row],[product_id]],Products!A:A,Products!D:D) -> 3200
A10: 2122 | B10: 20 | C10: 5 | D10: =Table4[[#This Row],[quantity]]*_xlfn.XLOOKUP(Table4[[#This Row],[product_id]],Products!A:A,Products!D:D) -> 7500
A11: 4029 | B11: 81 | C11: 4 | D11: =Table4[[#This Row],[quantity]]*_xlfn.XLOOKUP(Table4[[#This Row],[product_id]],Products!A:A,Products!D:D) -> 6000
A12: 1042 | B12: 48 | C12: 4 | D12: =Table4[[#This Row],[quantity]]*_xlfn.XLOOKUP(Table4[[#This Row],[product_id]],Products!A:A,Products!D:D) -> 16000
A13: 2311 | B13: 72 | C13: 3 | D13: =Table4[[#This Row],[quantity]]*_xlfn.XLOOKUP(Table4[[#This Row],[product_id]],Products!A:A,Products!D:D) -> 60000
... A8001: 4746 | B8001: 3 | C8001: 4 | D8001: =Table4[[#This Row],[quantity]]*_xlfn.XLOOKUP(Table4[[#This Row],[product_id]],Products!A:A,Products!D:D) -> 800

Sheet Products
A1: product_id | B1: product_name | C1: category | D1: price
A2: 1 | B2: Phone | C2: Electronics | D2: 20000
A3: 2 | B3: Chair | C3: Furniture | D3: 2500
A4: 3 | B4: Bottle | C4: Home | D4: 200
A5: 4 | B5: Fan | C5: Home | D5: 3000
A6: 5 | B6: Table | C6: Furniture | D6: 4000
A7: 6 | B7: Fan | C7: Home | D7: 3000
A8: 7 | B8: Laptop | C8: Electronics | D8: 50000
A9: 8 | B9: Keyboard | C9: Electronics | D9: 1500
A10: 9 | B10: Laptop | C10: Electronics | D10: 50000
A11: 10 | B11: Chair | C11: Furniture | D11: 2500
A12: 11 | B12: Chair | C12: Furniture | D12: 2500
A13: 12 | B13: Keyboard | C13: Electronics | D13: 1500
... A101: 100 | B101: Fan | C101: Home | D101: 3000

Sheet pivot
A1: Row Labels | B1: Sum of revenue | E1: Row Labels | F1: Sum of quantity | I1: Row Labels | J1: Sum of revenue | L1: Row Labels | M1: Sum of revenue | O1: Row Labels | P1: Sum of revenue | Q1: Row Labels | R1: Sum of quantity
A2: Arun1448 | B2: 622900 | E2: Arun1903 | F2: 31 | I2: Trichy | J2: 28833000 | L2: Apr-2025 | M2: 1314600 | O2: Bottle | P2: 48600 | Q2: Bottle | R2: 243
A3: Arun538 | B3: 441300 | E3: Arun401 | F3: 32 | I3: Grand Total | J3: 28833000 | L3: Apr-2026 | M3: 1009500 | O3: Chair | P3: 1472500 | Q3: Chair | R3: 589
A4: Arun97 | B4: 1034000 | E4: Divya1633 | F4: 33 | L4: Aug-2025 | M4: 1695800 | O4: Fan | P4: 1470000 | Q4: Fan | R4: 490
A5: Karthik1704 | B5: 448400 | E5: Divya752 | F5: 39 | L5: Dec-2025 | M5: 1898000 | O5: Keyboard | P5: 553500 | Q5: Keyboard | R5: 369
A6: Kumar901 | B6: 753500 | E6: Kumar1200 | F6: 34 | L6: Feb-2025 | M6: 1052900 | O6: Laptop | P6: 18550000 | Q6: Laptop | R6: 371
A7: Meena1605 | B7: 403700 | E7: Kumar616 | F7: 31 | L7: Feb-2026 | M7: 2326700 | O7: Mouse | P7: 406400 | Q7: Mouse | R7: 508
A8: Meena1739 | B8: 470500 | E8: Kumar901 | F8: 32 | L8: Jan-2025 | M8: 1989400 | O8: Phone | P8: 4920000 | Q8: Phone | R8: 246
A9: Ravi54 | B9: 426900 | E9: Meena1114 | F9: 33 | L9: Jan-2026 | M9: 1096800 | O9: Table | P9: 1412000 | Q9: Table | R9: 353
A10: Suresh1664 | B10: 531700 | E10: Meena1605 | F10: 32 | L10: Jul-2025 | M10: 1926500 | O10: Grand Total | P10: 28833000 | Q10: Grand Total | R10: 3169
A11: Vikram776 | B11: 668500 | E11: Vikram363 | F11: 34 | I11: Row Labels | J11: Sum of quantity | L11: Jun-2025 | M11: 2860900
A12: Grand Total | B12: 5801400 | E12: Grand Total | F12: 331 | I12: Trichy | J12: 3169 | L12: Mar-2025 | M12: 1976100
I13: Grand Total | J13: 3169 | L13: Mar-2026 | M13: 1342000
L14: May-2025 | M14: 1074900
L15: May-2026 | M15: 1462100
L16: Nov-2025 | M16: 2489800 | O16: Row Labels | P16: Sum of customer_id | Q16: Row Labels | R16: Sum of revenue
L17: Oct-2025 | M17: 1419000 | O17: F | P17: 144336 | Q17: Electronics | R17: 24429900
L18: Sep-2025 | M18: 1898000 | O18: M | P18: 125040 | Q18: Furniture | R18: 2884500
L19: Grand Total | M19: 28833000 | O19: Grand Total | P19: 269376 | Q19: Home | R19: 1518600
Q20: Grand Total | R20: 28833000
O24: Row Labels | P24: Sum of revenue
O25: F | P25: 14013000
O26: M | P26: 14820000
O27: Grand Total | P27: 28833000
B28: Sum of quantity
B29: 3169
F32: Sum of revenue
F33: 28833000

Sheet Sheet7

Sheet Sheet8
